1,https://www.youtube.com/watch?v=mejqieWfx0g?autoplay=1
2,https://www.youtube.com/watch?v=QTZ4PhPX2NY?autoplay=1
3,https://www.youtube.com/watch?v=_LLCz1FCWrY?autoplay=1
4,https://www.youtube.com/watch?v=Gtv40bOE3U4?autoplay=1
5,https://www.youtube.com/watch?v=md_JQJO_wqY?autoplay=1
6,https://www.youtube.com/watch?v=ZTidn2dBYbY?autoplay=1
7,https://www.youtube.com/watch?v=l9NXh6yQqwA?autoplay=1
8,https://www.youtube.com/watch?v=i-gZCHzQwbs?autoplay=1
9,https://www.youtube.com/watch?v=Si7dl6BU78E?autoplay=1
10,https://www.youtube.com/watch?v=t-wFKNy0MZQ?autoplay=1
11,https://www.youtube.com/watch?v=VrDfSZ_6f4U?autoplay=1
12,https://www.youtube.com/watch?v=TuJqUvBj4rE?autoplay=1
13,https://www.youtube.com/watch?v=3e4nQTFhieo?autoplay=1
14,https://www.youtube.com/watch?v=b4lNq4nhdDQ?autoplay=1
15,https://www.youtube.com/watch?v=OLpeX4RRo28?autoplay=1


